{"min_": [0.9951915528937577], "scale_": [0.19310730582669053], "data_min_": [-5.153567591], "data_max_": [0.024900389375002004], "data_range_": [5.178467980375002], "feature_range": [0, 1]}