{"min_": [0.9537560862062922], "scale_": [0.18506715384346498], "data_min_": [-5.153567591], "data_max_": [0.249876398017242], "data_range_": [5.403443989017242], "feature_range": [0, 1]}